<?xml version="1.1" encoding="UTF-8" ?>
<!DOCTYPE sla-profile [

<!ELEMENT sla-profile (description?, sla-threshold*)>
<!ATTLIST sla-profile
    uid CDATA #REQUIRED
    uniqueKey CDATA #REQUIRED>

<!ELEMENT description (#PCDATA)>
	
<!ELEMENT sla-threshold ((threshold-condition )*)>
<!ATTLIST sla-threshold
	uid CDATA #REQUIRED
	percent CDATA #IMPLIED
	identifier CDATA #REQUIRED
	enabled CDATA #REQUIRED
	family CDATA #REQUIRED>

<!ELEMENT threshold-condition (#PCDATA)>
<!ATTLIST threshold-condition
    severity CDATA #REQUIRED
    durationKind CDATA #REQUIRED
    durationNumber CDATA #REQUIRED
    operator CDATA #REQUIRED
    valueMin CDATA #REQUIRED
    valueMax CDATA #REQUIRED>

]>
<sla-profile name="JPetstore" uid="9fbca603-8e57-45ad-ba12-d4954b53d1b4">
<description/>
<sla-threshold enabled="true" family="PER_RUN" identifier="AVERAGE_REQUEST_RESPONSE_TIME" percent="1" uid="8fe10034-e990-4075-aa41-7527c99f28e8">
<threshold-condition durationKind="NB_OF_TIMES" durationNumber="1" operator="GREATER_THAN" severity="HIGH" valueMax="Infinity" valueMin="6.0"/>
<threshold-condition durationKind="NB_OF_TIMES" durationNumber="1" operator="GREATER_THAN" severity="LOW" valueMax="Infinity" valueMin="3.0"/>
</sla-threshold>
<sla-threshold enabled="true" family="PER_RUN" identifier="AVERAGE_PAGE_RESPONSE_TIME" percent="1" uid="126cfd3a-0dad-4069-a3d9-fcfffbbbedd4">
<threshold-condition durationKind="NB_OF_TIMES" durationNumber="1" operator="GREATER_THAN" severity="HIGH" valueMax="Infinity" valueMin="8.0"/>
<threshold-condition durationKind="NB_OF_TIMES" durationNumber="1" operator="GREATER_THAN" severity="LOW" valueMax="Infinity" valueMin="5.0"/>
</sla-threshold>
<sla-threshold enabled="true" family="PER_RUN" identifier="AVERAGE_CONTAINER_RESPONSE_TIME" percent="1" uid="fce32352-d6d7-44a9-a5b8-f48299641c66">
<threshold-condition durationKind="NB_OF_TIMES" durationNumber="1" operator="GREATER_THAN" severity="HIGH" valueMax="Infinity" valueMin="9.0"/>
<threshold-condition durationKind="NB_OF_TIMES" durationNumber="1" operator="GREATER_THAN" severity="LOW" valueMax="Infinity" valueMin="5.0"/>
</sla-threshold>
<sla-threshold enabled="true" family="PER_RUN" identifier="PERCENTILE_CONTAINER_RESPONSE_TIME" percent="1" uid="2d223190-1c9f-40f6-a245-4e1bc0231598">
<threshold-condition durationKind="NB_OF_TIMES" durationNumber="1" operator="GREATER_THAN" severity="HIGH" valueMax="Infinity" valueMin="9.0"/>
<threshold-condition durationKind="NB_OF_TIMES" durationNumber="1" operator="GREATER_THAN" severity="LOW" valueMax="Infinity" valueMin="4.0"/>
</sla-threshold>
<sla-threshold enabled="true" family="PER_RUN" identifier="AVERAGE_HITS_PER_SECOND" percent="1" uid="eaee693c-371b-43c5-ab28-098af87fadd0">
<threshold-condition durationKind="NB_OF_TIMES" durationNumber="1" operator="LESS_THAN" severity="LOW" valueMax="Infinity" valueMin="7.0"/>
<threshold-condition durationKind="NB_OF_TIMES" durationNumber="1" operator="LESS_THAN" severity="HIGH" valueMax="Infinity" valueMin="2.0"/>
</sla-threshold>
<sla-threshold enabled="true" family="PER_RUN" identifier="AVERAGE_THROUGHPUT_PER_SECOND" percent="1" uid="d49d67b8-f557-414f-b7a5-19b6b927d30d">
<threshold-condition durationKind="NB_OF_TIMES" durationNumber="1" operator="LESS_THAN" severity="HIGH" valueMax="Infinity" valueMin="20.0"/>
<threshold-condition durationKind="NB_OF_TIMES" durationNumber="1" operator="LESS_THAN" severity="LOW" valueMax="Infinity" valueMin="50.0"/>
</sla-threshold>
<sla-threshold enabled="true" family="PER_RUN" identifier="TOTAL_ERRORS" percent="1" uid="b607f0f4-0d7f-4472-a719-c108aa8e3e91">
<threshold-condition durationKind="NB_OF_TIMES" durationNumber="1" operator="GREATER_THAN" severity="HIGH" valueMax="Infinity" valueMin="10.0"/>
<threshold-condition durationKind="NB_OF_TIMES" durationNumber="1" operator="GREATER_THAN" severity="LOW" valueMax="Infinity" valueMin="3.0"/>
</sla-threshold>
<sla-threshold enabled="true" family="PER_RUN" identifier="TOTAL_HITS" percent="1" uid="d22114b5-0fc4-49d1-aed5-ec9597960c2c">
<threshold-condition durationKind="NB_OF_TIMES" durationNumber="1" operator="GREATER_THAN" severity="HIGH" valueMax="Infinity" valueMin="10.0"/>
<threshold-condition durationKind="NB_OF_TIMES" durationNumber="1" operator="GREATER_THAN" severity="LOW" valueMax="Infinity" valueMin="5.0"/>
</sla-threshold>
<sla-threshold enabled="true" family="PER_RUN" identifier="TOTAL_THROUGHPUT" percent="1" uid="08d959d9-37bb-4d87-9130-ff28450aa4ab">
<threshold-condition durationKind="NB_OF_TIMES" durationNumber="1" operator="LESS_THAN" severity="HIGH" valueMax="Infinity" valueMin="2.0"/>
<threshold-condition durationKind="NB_OF_TIMES" durationNumber="1" operator="LESS_THAN" severity="LOW" valueMax="Infinity" valueMin="10.0"/>
</sla-threshold>
<sla-threshold enabled="true" family="PER_RUN" identifier="ERROR_PERCENTILE" percent="1" uid="fb18a2ac-bab3-4755-88fc-1a2d20bda485">
<threshold-condition durationKind="NB_OF_TIMES" durationNumber="1" operator="GREATER_THAN" severity="HIGH" valueMax="Infinity" valueMin="10.0"/>
<threshold-condition durationKind="NB_OF_TIMES" durationNumber="1" operator="GREATER_THAN" severity="LOW" valueMax="Infinity" valueMin="5.0"/>
</sla-threshold>
<sla-threshold enabled="false" family="PER_TIME_INTERVAL" identifier="AVERAGE_RESPONSE_TIME" percent="1" uid="86009150-5eda-4342-9bf7-07ee964a4e9a"/>
<sla-threshold enabled="false" family="PER_TIME_INTERVAL" identifier="AVERAGE_HITS_PER_SECOND" percent="1" uid="ff146bce-9c85-4a31-bc33-eb1fbc467529"/>
<sla-threshold enabled="false" family="PER_TIME_INTERVAL" identifier="AVERAGE_THROUGHPUT_PER_SECOND" percent="1" uid="202abf24-a374-404e-89bf-7bde2ceadd62"/>
<sla-threshold enabled="false" family="PER_TIME_INTERVAL" identifier="ERRORS_PER_SECOND" percent="1" uid="7e49d0ae-850f-49ef-b3b0-d9f6082a74ad"/>
<sla-threshold enabled="false" family="PER_TIME_INTERVAL" identifier="ERROR_PERCENTILE" percent="1" uid="25ddd269-d991-4208-8767-b9fcfd7dbcf7"/>
</sla-profile>
