<population uid="JPetStore_3UserPaths">
    <split cache="1" factor="50.0" virtualUserUid="JPetstore">
        <browser-profile acceptEncoding="GZIP,DEFLATE,BROTLI"
            connections="6" cookies="true" http2="true" name="browser.recorded"/>
        <wan-emulation-profile
            averageDownloadBandwidth="bandwidth.unlimited"
            averageDownloadLatency="0ms" averageDownloadPacketLoss="0%"
            averageUploadBandwidth="bandwidth.unlimited"
            averageUploadLatency="0ms" averageUploadPacketLoss="0%"
            downloadBandwidth="bandwidth.unlimited"
            downloadLatency="0ms" downloadPacketLoss="0%"
            isRadio="false" name="bandwidth.unlimited"
            poorDownloadBandwidth="bandwidth.unlimited"
            poorDownloadLatency="0ms" poorDownloadPacketLoss="0%"
            poorUploadBandwidth="bandwidth.unlimited"
            poorUploadLatency="0ms" poorUploadPacketLoss="0%"
            signalStrength="GOOD" uploadBandwidth="bandwidth.unlimited"
            uploadLatency="0ms" uploadPacketLoss="0%"/>
    </split>
    <split cache="1" factor="25.0" virtualUserUid="JPetstoreBrowse">
        <browser-profile acceptEncoding="GZIP,DEFLATE,BROTLI"
            connections="6" cookies="true" http2="true" name="browser.recorded"/>
        <wan-emulation-profile
            averageDownloadBandwidth="bandwidth.unlimited"
            averageDownloadLatency="0ms" averageDownloadPacketLoss="0%"
            averageUploadBandwidth="bandwidth.unlimited"
            averageUploadLatency="0ms" averageUploadPacketLoss="0%"
            downloadBandwidth="bandwidth.unlimited"
            downloadLatency="0ms" downloadPacketLoss="0%"
            isRadio="false" name="bandwidth.unlimited"
            poorDownloadBandwidth="bandwidth.unlimited"
            poorDownloadLatency="0ms" poorDownloadPacketLoss="0%"
            poorUploadBandwidth="bandwidth.unlimited"
            poorUploadLatency="0ms" poorUploadPacketLoss="0%"
            signalStrength="GOOD" uploadBandwidth="bandwidth.unlimited"
            uploadLatency="0ms" uploadPacketLoss="0%"/>
    </split>
    <split cache="1" factor="25.0" virtualUserUid="JPetstore_multi_items">
        <browser-profile acceptEncoding="GZIP,DEFLATE,BROTLI"
            connections="6" cookies="true" http2="true" name="browser.recorded"/>
        <wan-emulation-profile
            averageDownloadBandwidth="bandwidth.unlimited"
            averageDownloadLatency="0ms" averageDownloadPacketLoss="0%"
            averageUploadBandwidth="bandwidth.unlimited"
            averageUploadLatency="0ms" averageUploadPacketLoss="0%"
            downloadBandwidth="bandwidth.unlimited"
            downloadLatency="0ms" downloadPacketLoss="0%"
            isRadio="false" name="bandwidth.unlimited"
            poorDownloadBandwidth="bandwidth.unlimited"
            poorDownloadLatency="0ms" poorDownloadPacketLoss="0%"
            poorUploadBandwidth="bandwidth.unlimited"
            poorUploadLatency="0ms" poorUploadPacketLoss="0%"
            signalStrength="GOOD" uploadBandwidth="bandwidth.unlimited"
            uploadLatency="0ms" uploadPacketLoss="0%"/>
    </split>
</population>
